model,corpus,family,config,kl,flip,tv
Meta-Llama-3-8B-Instruct,gsm8k,rtn,u8,0.000439536,0.00423842,0.0041672
Meta-Llama-3-8B-Instruct,gsm8k,rtn,u6,0.00233231,0.0105406,0.0101987
Meta-Llama-3-8B-Instruct,gsm8k,kv,kv4,0.00572604,0.0167318,0.0156385
Meta-Llama-3-8B-Instruct,gsm8k,rtn,u5,0.0106842,0.023389,0.0218188
Meta-Llama-3-8B-Instruct,gsm8k,gptq,gptq4,0.023993,0.0346618,0.0336461
Meta-Llama-3-8B-Instruct,gsm8k,awq,awq4,0.0247259,0.0345731,0.0341672
Meta-Llama-3-8B-Instruct,gsm8k,kv,kv3,0.0257838,0.036082,0.0350034
Meta-Llama-3-8B-Instruct,gsm8k,rtn,u4,0.0361076,0.0429167,0.0418105
Meta-Llama-3-8B-Instruct,gsm8k,magnitude,mag20,0.0412929,0.0485976,0.0451371
Meta-Llama-3-8B-Instruct,gsm8k,gauss,g4,0.0428153,0.0449361,0.044932
Meta-Llama-3-8B-Instruct,gsm8k,sparsegpt,sgpt50,0.18174,0.096951,0.103262
Meta-Llama-3-8B-Instruct,gsm8k,wanda,wanda50,0.197053,0.101145,0.105246
Meta-Llama-3-8B-Instruct,mix,rtn,u8,0.000588803,0.00568269,0.00584349
Meta-Llama-3-8B-Instruct,mix,rtn,u6,0.00368041,0.0166447,0.0150825
Meta-Llama-3-8B-Instruct,mix,kv,kv4,0.00826421,0.0235731,0.0219818
Meta-Llama-3-8B-Instruct,mix,rtn,u5,0.0153522,0.0328268,0.0305611
Meta-Llama-3-8B-Instruct,mix,awq,awq4,0.0392522,0.0514408,0.0494996
Meta-Llama-3-8B-Instruct,mix,kv,kv3,0.0405304,0.05169,0.0491419
Meta-Llama-3-8B-Instruct,mix,gptq,gptq4,0.044163,0.0555338,0.0529794
Meta-Llama-3-8B-Instruct,mix,magnitude,mag20,0.0446722,0.0583811,0.0534911
Meta-Llama-3-8B-Instruct,mix,rtn,u4,0.0626985,0.0651908,0.0626296
Meta-Llama-3-8B-Instruct,mix,gauss,g4,0.0757592,0.0724158,0.0688594
Meta-Llama-3-8B-Instruct,mix,sparsegpt,sgpt50,0.311424,0.145876,0.14926
Meta-Llama-3-8B-Instruct,mix,wanda,wanda50,0.318012,0.145282,0.146271
Meta-Llama-3-8B-Instruct,mmlu_en,rtn,u8,0.000863208,0.00877193,0.00875393
Meta-Llama-3-8B-Instruct,mmlu_en,rtn,u6,0.00560835,0.0253376,0.0227598
Meta-Llama-3-8B-Instruct,mmlu_en,kv,kv4,0.0133835,0.0378644,0.034141
Meta-Llama-3-8B-Instruct,mmlu_en,rtn,u5,0.0206423,0.0482141,0.0434422
Meta-Llama-3-8B-Instruct,mmlu_en,gptq,gptq4,0.053466,0.0745614,0.0700977
Meta-Llama-3-8B-Instruct,mmlu_en,awq,awq4,0.0545944,0.0767702,0.0722146
Meta-Llama-3-8B-Instruct,mmlu_en,kv,kv3,0.0587776,0.0786318,0.073438
Meta-Llama-3-8B-Instruct,mmlu_en,magnitude,mag20,0.061786,0.0851319,0.0782245
Meta-Llama-3-8B-Instruct,mmlu_en,rtn,u4,0.0893105,0.0949767,0.0906451
Meta-Llama-3-8B-Instruct,mmlu_en,gauss,g4,0.0965961,0.100341,0.0947542
Meta-Llama-3-8B-Instruct,mmlu_en,sparsegpt,sgpt50,0.332507,0.195033,0.188294
Meta-Llama-3-8B-Instruct,mmlu_en,wanda,wanda50,0.369157,0.19355,0.189378
Meta-Llama-3-8B-Instruct,wikitext,rtn,u8,0.0011551,0.0130997,0.0117642
Meta-Llama-3-8B-Instruct,wikitext,rtn,u6,0.00771881,0.0362512,0.0304291
Meta-Llama-3-8B-Instruct,wikitext,kv,kv4,0.0160072,0.0514902,0.0428745
Meta-Llama-3-8B-Instruct,wikitext,rtn,u5,0.029463,0.0688685,0.0588007
Meta-Llama-3-8B-Instruct,wikitext,magnitude,mag20,0.0681282,0.103596,0.0940199
Meta-Llama-3-8B-Instruct,wikitext,gptq,gptq4,0.0690802,0.0980863,0.0874266
Meta-Llama-3-8B-Instruct,wikitext,kv,kv3,0.0712622,0.103508,0.0920373
Meta-Llama-3-8B-Instruct,wikitext,awq,awq4,0.0743504,0.108373,0.0940533
Meta-Llama-3-8B-Instruct,wikitext,gauss,g4,0.129655,0.139906,0.125381
Meta-Llama-3-8B-Instruct,wikitext,rtn,u4,0.130602,0.140375,0.12471
Meta-Llama-3-8B-Instruct,wikitext,sparsegpt,sgpt50,0.391724,0.239018,0.226398
Meta-Llama-3-8B-Instruct,wikitext,wanda,wanda50,0.481669,0.261466,0.248839
Meta-Llama-3-8B-Instruct,wikitext_nat,rtn,u8,0.00106339,0.0139866,0.0128343
Meta-Llama-3-8B-Instruct,wikitext_nat,rtn,u6,0.00585272,0.0362829,0.0297673
Meta-Llama-3-8B-Instruct,wikitext_nat,kv,kv4,0.0107515,0.0479863,0.0407919
Meta-Llama-3-8B-Instruct,wikitext_nat,rtn,u5,0.0223623,0.0668888,0.0576877
Meta-Llama-3-8B-Instruct,wikitext_nat,gptq,gptq4,0.043874,0.0914887,0.0784654
Meta-Llama-3-8B-Instruct,wikitext_nat,kv,kv3,0.0543478,0.10418,0.0939422
Meta-Llama-3-8B-Instruct,wikitext_nat,awq,awq4,0.0554392,0.105352,0.0915733
Meta-Llama-3-8B-Instruct,wikitext_nat,gauss,g4,0.10168,0.140154,0.125954
Meta-Llama-3-8B-Instruct,wikitext_nat,rtn,u4,0.102034,0.143301,0.125337
Meta-Llama-3-8B-Instruct,wikitext_nat,magnitude,mag20,0.136695,0.171953,0.15569
Meta-Llama-3-8B-Instruct,wikitext_nat,sparsegpt,sgpt50,0.302865,0.233453,0.225279
Meta-Llama-3-8B-Instruct,wikitext_nat,wanda,wanda50,0.431263,0.283414,0.275971
Mistral-7B-Instruct-v0.3,gsm8k,rtn,u8,0.000502648,0.00477264,0.00503353
Mistral-7B-Instruct-v0.3,gsm8k,rtn,u6,0.00342743,0.0128147,0.0134275
Mistral-7B-Instruct-v0.3,gsm8k,kv,kv4,0.00803637,0.0204434,0.0201727
Mistral-7B-Instruct-v0.3,gsm8k,rtn,u5,0.018254,0.0312101,0.0308195
Mistral-7B-Instruct-v0.3,gsm8k,magnitude,mag20,0.0226336,0.0364149,0.0363476
Mistral-7B-Instruct-v0.3,gsm8k,awq,awq4,0.0339961,0.0421646,0.0418459
Mistral-7B-Instruct-v0.3,gsm8k,gptq,gptq4,0.0362923,0.0443818,0.0447974
Mistral-7B-Instruct-v0.3,gsm8k,kv,kv3,0.041816,0.0475009,0.0467584
Mistral-7B-Instruct-v0.3,gsm8k,rtn,u4,0.0566346,0.0515784,0.0529211
Mistral-7B-Instruct-v0.3,gsm8k,gauss,g4,0.0610925,0.0588313,0.0585256
Mistral-7B-Instruct-v0.3,gsm8k,wanda,wanda50,0.181348,0.103082,0.103511
Mistral-7B-Instruct-v0.3,gsm8k,sparsegpt,sgpt50,0.187527,0.106107,0.10603
Mistral-7B-Instruct-v0.3,mix,rtn,u8,0.000536175,0.006457,0.00590508
Mistral-7B-Instruct-v0.3,mix,rtn,u6,0.00376447,0.0170082,0.0157693
Mistral-7B-Instruct-v0.3,mix,kv,kv4,0.00863889,0.0257567,0.0235147
Mistral-7B-Instruct-v0.3,mix,rtn,u5,0.0211462,0.0406363,0.037199
Mistral-7B-Instruct-v0.3,mix,magnitude,mag20,0.0257038,0.0461971,0.0430363
Mistral-7B-Instruct-v0.3,mix,awq,awq4,0.0363782,0.0521652,0.048648
Mistral-7B-Instruct-v0.3,mix,gptq,gptq4,0.0415191,0.0579093,0.0544472
Mistral-7B-Instruct-v0.3,mix,kv,kv3,0.0446756,0.0581028,0.0540379
Mistral-7B-Instruct-v0.3,mix,rtn,u4,0.0661188,0.0697438,0.0652588
Mistral-7B-Instruct-v0.3,mix,gauss,s1g4,0.0722345,0.0715872,0.0685025
Mistral-7B-Instruct-v0.3,mix,gauss,g4,0.0723746,0.076435,0.0699922
Mistral-7B-Instruct-v0.3,mix,skip,skip28,0.120755,0.0878519,0.0864003
Mistral-7B-Instruct-v0.3,mix,skip,skip16,0.130297,0.0999613,0.0945118
Mistral-7B-Instruct-v0.3,mix,magnitude,mag40,0.165596,0.112824,0.108277
Mistral-7B-Instruct-v0.3,mix,gptq,gptq3,0.183454,0.1203,0.119067
Mistral-7B-Instruct-v0.3,mix,awq,awq3,0.196761,0.121695,0.124664
Mistral-7B-Instruct-v0.3,mix,kv,kv2,0.214604,0.129924,0.130001
Mistral-7B-Instruct-v0.3,mix,wanda,wanda50,0.223467,0.131045,0.126135
Mistral-7B-Instruct-v0.3,mix,sparsegpt,sgpt50,0.230023,0.13299,0.128689
Mistral-7B-Instruct-v0.3,mix,rtn,u3,0.338569,0.16558,0.172372
Mistral-7B-Instruct-v0.3,mix,gauss,g3,0.356853,0.165326,0.168748
Mistral-7B-Instruct-v0.3,mix,wanda,wanda24,0.564094,0.215179,0.226981
Mistral-7B-Instruct-v0.3,mix,sparsegpt,sgpt24,0.571716,0.212399,0.221641
Mistral-7B-Instruct-v0.3,mmlu_en,rtn,u8,0.00084537,0.00964736,0.00848836
Mistral-7B-Instruct-v0.3,mmlu_en,rtn,u6,0.00576399,0.0235853,0.0221455
Mistral-7B-Instruct-v0.3,mmlu_en,kv,kv4,0.0141095,0.0390718,0.0339172
Mistral-7B-Instruct-v0.3,mmlu_en,rtn,u5,0.0278058,0.0526289,0.0480634
Mistral-7B-Instruct-v0.3,mmlu_en,magnitude,mag20,0.0419393,0.0656528,0.0615812
Mistral-7B-Instruct-v0.3,mmlu_en,awq,awq4,0.057217,0.075808,0.0694667
Mistral-7B-Instruct-v0.3,mmlu_en,gptq,gptq4,0.0630613,0.0780421,0.0724635
Mistral-7B-Instruct-v0.3,mmlu_en,kv,kv3,0.0653502,0.0796415,0.0741095
Mistral-7B-Instruct-v0.3,mmlu_en,rtn,u4,0.0930491,0.0925893,0.088257
Mistral-7B-Instruct-v0.3,mmlu_en,gauss,g4,0.103933,0.0995963,0.0940906
Mistral-7B-Instruct-v0.3,mmlu_en,wanda,wanda50,0.284731,0.163421,0.157459
Mistral-7B-Instruct-v0.3,mmlu_en,sparsegpt,sgpt50,0.288509,0.167839,0.159381
Mistral-7B-Instruct-v0.3,wikitext,rtn,u8,0.000989032,0.0115934,0.0102933
Mistral-7B-Instruct-v0.3,wikitext,rtn,u6,0.00738585,0.0324244,0.0278694
Mistral-7B-Instruct-v0.3,wikitext,kv,kv4,0.01555,0.0452606,0.039799
Mistral-7B-Instruct-v0.3,wikitext,rtn,u5,0.0302163,0.0652755,0.0561292
Mistral-7B-Instruct-v0.3,wikitext,magnitude,mag20,0.0476716,0.0826006,0.0727639
Mistral-7B-Instruct-v0.3,wikitext,awq,awq4,0.0674161,0.0938972,0.0841185
Mistral-7B-Instruct-v0.3,wikitext,gptq,gptq4,0.068856,0.0941013,0.0849495
Mistral-7B-Instruct-v0.3,wikitext,kv,kv3,0.0730812,0.0962716,0.0887413
Mistral-7B-Instruct-v0.3,wikitext,rtn,u4,0.114085,0.124133,0.110743
Mistral-7B-Instruct-v0.3,wikitext,gauss,g4,0.122786,0.126767,0.115646
Mistral-7B-Instruct-v0.3,wikitext,sparsegpt,sgpt50,0.311208,0.202078,0.189988
Mistral-7B-Instruct-v0.3,wikitext,wanda,wanda50,0.345065,0.214246,0.205423
Mistral-7B-Instruct-v0.3,wikitext_nat,rtn,u8,0.000566489,0.0116501,0.00937274
Mistral-7B-Instruct-v0.3,wikitext_nat,rtn,u6,0.00338515,0.0277326,0.0223157
Mistral-7B-Instruct-v0.3,wikitext_nat,kv,kv4,0.00740014,0.040257,0.0325073
Mistral-7B-Instruct-v0.3,wikitext_nat,rtn,u5,0.0138704,0.0578643,0.0457047
Mistral-7B-Instruct-v0.3,wikitext_nat,magnitude,mag20,0.0226666,0.071995,0.0591942
Mistral-7B-Instruct-v0.3,wikitext_nat,gptq,gptq4,0.0288686,0.0808596,0.0657813
Mistral-7B-Instruct-v0.3,wikitext_nat,awq,awq4,0.0293697,0.0843567,0.0664428
Mistral-7B-Instruct-v0.3,wikitext_nat,kv,kv3,0.0495953,0.0983857,0.0835483
Mistral-7B-Instruct-v0.3,wikitext_nat,rtn,u4,0.0506703,0.10971,0.0868754
Mistral-7B-Instruct-v0.3,wikitext_nat,gauss,g4,0.0561772,0.11272,0.0914689
Mistral-7B-Instruct-v0.3,wikitext_nat,sparsegpt,sgpt50,0.161333,0.187968,0.158341
Mistral-7B-Instruct-v0.3,wikitext_nat,wanda,wanda50,0.191069,0.20651,0.173398
Mistral-Small-24B-Instruct-2501,mix,rtn,u8,0.000279006,0.0035349,0.00341278
Mistral-Small-24B-Instruct-2501,mix,kv,kv4,0.00310051,0.012306,0.012038
Mistral-Small-24B-Instruct-2501,mix,rtn,u5,0.00479448,0.0152644,0.0153071
Mistral-Small-24B-Instruct-2501,mix,awq,awq4,0.0128511,0.0254721,0.0254521
Mistral-Small-24B-Instruct-2501,mix,gptq,gptq4,0.01536,0.0280146,0.0271014
Mistral-Small-24B-Instruct-2501,mix,magnitude,mag20,0.0176653,0.0291582,0.0311131
Mistral-Small-24B-Instruct-2501,mix,gauss,g4,0.0187333,0.0318992,0.0304497
Mistral-Small-24B-Instruct-2501,mix,rtn,u4,0.0198853,0.0322395,0.0320487
Mistral-Small-24B-Instruct-2501,mix,skip,skip20,0.0489579,0.049725,0.0485472
Mistral-Small-24B-Instruct-2501,mix,rtn,u3,0.101385,0.0755846,0.0768578
Mistral-Small-24B-Instruct-2501,mix,sparsegpt,sgpt50,0.14736,0.086539,0.0863788
Mistral-Small-24B-Instruct-2501,mix,wanda,wanda50,0.165183,0.0803009,0.0814863
Mistral-Small-24B-Instruct-2501,mix,magnitude,mag40,0.212064,0.108788,0.144445
OLMo-2-0425-1B,mix,rtn,u8,0.00027494,0.00342451,0.0038513
OLMo-2-0425-1B,mix,kv,kv4,0.00643271,0.0152239,0.0182622
OLMo-2-0425-1B,mix,rtn,u5,0.00971671,0.0206164,0.0232524
OLMo-2-0425-1B,mix,awq,awq4,0.0295828,0.0346092,0.0427204
OLMo-2-0425-1B,mix,gptq,gptq4,0.0428829,0.0393775,0.0511943
OLMo-2-0425-1B,mix,gauss,g4,0.0491594,0.0400191,0.0548965
OLMo-2-0425-1B,mix,rtn,u4,0.0542325,0.0470935,0.0567573
OLMo-2-0425-1B,mix,magnitude,mag20,0.0586528,0.0470762,0.0636721
OLMo-2-0425-1B,mix,skip,skip8,0.152274,0.0784689,0.103309
OLMo-2-0425-1B,mix,wanda,wanda50,0.266626,0.0994408,0.161338
OLMo-2-0425-1B,mix,sparsegpt,sgpt50,0.308698,0.117049,0.185863
OLMo-2-0425-1B,mix,rtn,u3,0.523787,0.154094,0.248861
OLMo-2-0425-1B,mix,magnitude,mag40,0.558982,0.164619,0.277569
OLMo-2-0425-1B,wikitext_nat,rtn,u8,0.0007368,0.0150146,0.0115737
OLMo-2-0425-1B,wikitext_nat,rtn,u6,0.00654375,0.046875,0.0335767
OLMo-2-0425-1B,wikitext_nat,kv,kv4,0.0132995,0.0606893,0.0457947
OLMo-2-0425-1B,wikitext_nat,rtn,u5,0.0273329,0.0923665,0.0676203
OLMo-2-0425-1B,wikitext_nat,gptq,gptq4,0.0707463,0.138753,0.107127
OLMo-2-0425-1B,wikitext_nat,awq,awq4,0.0730034,0.145711,0.112179
OLMo-2-0425-1B,wikitext_nat,rtn,u4,0.113645,0.182983,0.14446
OLMo-2-0425-1B,wikitext_nat,magnitude,mag20,0.115169,0.181213,0.142059
OLMo-2-0425-1B,wikitext_nat,gauss,g4,0.120244,0.184245,0.145474
OLMo-2-0425-1B,wikitext_nat,kv,kv3,0.131274,0.187703,0.149279
OLMo-2-0425-1B,wikitext_nat,sparsegpt,sgpt50,0.337121,0.281352,0.244809
OLMo-2-0425-1B,wikitext_nat,wanda,wanda50,0.459569,0.334839,0.295433
OLMo-2-0425-1B-Instruct,gsm8k,rtn,u8,0.000335617,0.00434627,0.00420392
OLMo-2-0425-1B-Instruct,gsm8k,rtn,u6,0.00259402,0.0125113,0.0116956
OLMo-2-0425-1B-Instruct,gsm8k,kv,kv4,0.00600448,0.0194949,0.0178993
OLMo-2-0425-1B-Instruct,gsm8k,rtn,u5,0.00939726,0.0242631,0.0224129
OLMo-2-0425-1B-Instruct,gsm8k,awq,awq4,0.0315406,0.0431462,0.0406458
OLMo-2-0425-1B-Instruct,gsm8k,magnitude,mag20,0.0315537,0.0426609,0.0400977
OLMo-2-0425-1B-Instruct,gsm8k,gptq,gptq4,0.0350656,0.0442222,0.0441142
OLMo-2-0425-1B-Instruct,gsm8k,rtn,u4,0.0416151,0.0503196,0.0481084
OLMo-2-0425-1B-Instruct,gsm8k,gauss,g4,0.0451696,0.0512691,0.0479244
OLMo-2-0425-1B-Instruct,gsm8k,kv,kv3,0.0465376,0.0517754,0.0491251
OLMo-2-0425-1B-Instruct,gsm8k,wanda,wanda50,0.19802,0.114522,0.114646
OLMo-2-0425-1B-Instruct,gsm8k,sparsegpt,sgpt50,0.234309,0.124818,0.123347
OLMo-2-0425-1B-Instruct,mix,rtn,u8,0.00070196,0.00984562,0.00805245
OLMo-2-0425-1B-Instruct,mix,rtn,u6,0.00567243,0.0283477,0.0225961
OLMo-2-0425-1B-Instruct,mix,kv,kv4,0.0130479,0.0415894,0.0338026
OLMo-2-0425-1B-Instruct,mix,camada,lq3_1,0.0185464,0.0472568,0.0378336
OLMo-2-0425-1B-Instruct,mix,camada,lq3_0,0.018587,0.0461641,0.0375221
OLMo-2-0425-1B-Instruct,mix,camada,lq3_13,0.0186424,0.0483817,0.0409424
OLMo-2-0425-1B-Instruct,mix,camada,lq3_14,0.0188989,0.0493567,0.0412845
OLMo-2-0425-1B-Instruct,mix,camada,lq3_15,0.0196664,0.0525385,0.0442107
OLMo-2-0425-1B-Instruct,mix,rtn,u5,0.0217804,0.0546598,0.0444933
OLMo-2-0425-1B-Instruct,mix,camada,lq3_2,0.0225596,0.0530956,0.0427147
OLMo-2-0425-1B-Instruct,mix,camada,lq3_4,0.0233237,0.0530099,0.0436361
OLMo-2-0425-1B-Instruct,mix,camada,lq3_3,0.024659,0.0543598,0.0442994
OLMo-2-0425-1B-Instruct,mix,camada,lq3_12,0.025614,0.057006,0.0485604
OLMo-2-0425-1B-Instruct,mix,camada,lq3_5,0.0271914,0.0581417,0.0478409
OLMo-2-0425-1B-Instruct,mix,camada,lq3_11,0.030526,0.064409,0.0535161
OLMo-2-0425-1B-Instruct,mix,camada,lq3_6,0.0327222,0.062652,0.0522142
OLMo-2-0425-1B-Instruct,mix,camada,lq3_7,0.0336922,0.0657696,0.0538496
OLMo-2-0425-1B-Instruct,mix,camada,lq3_8,0.0342829,0.0656839,0.0549934
OLMo-2-0425-1B-Instruct,mix,camada,lq3_9,0.0361566,0.068148,0.0566875
OLMo-2-0425-1B-Instruct,mix,camada,lq3_10,0.0381061,0.0687158,0.0587032
OLMo-2-0425-1B-Instruct,mix,magnitude,mag20,0.0623023,0.0875928,0.0737222
OLMo-2-0425-1B-Instruct,mix,awq,awq4,0.0692968,0.0926388,0.0791738
OLMo-2-0425-1B-Instruct,mix,gptq,gptq4,0.0878873,0.103245,0.0894254
OLMo-2-0425-1B-Instruct,mix,kv,kv3,0.0892856,0.104884,0.0902039
OLMo-2-0425-1B-Instruct,mix,rtn,u4,0.0917054,0.107455,0.0925262
OLMo-2-0425-1B-Instruct,mix,gauss,s1g4,0.0950192,0.10768,0.0936026
OLMo-2-0425-1B-Instruct,mix,gauss,g4,0.0994136,0.110605,0.0944552
OLMo-2-0425-1B-Instruct,mix,awq,awq3,0.339155,0.195123,0.182933
OLMo-2-0425-1B-Instruct,mix,skip,skip8,0.339527,0.20048,0.183229
OLMo-2-0425-1B-Instruct,mix,wanda,wanda50,0.386533,0.211954,0.202062
OLMo-2-0425-1B-Instruct,mix,gptq,gptq3,0.432894,0.213743,0.201414
OLMo-2-0425-1B-Instruct,mix,magnitude,mag40,0.448399,0.21249,0.19846
OLMo-2-0425-1B-Instruct,mix,skip,skip13,0.449715,0.209833,0.204351
OLMo-2-0425-1B-Instruct,mix,sparsegpt,sgpt50,0.462543,0.226524,0.215114
OLMo-2-0425-1B-Instruct,mix,kv,kv2,0.465714,0.227617,0.216693
OLMo-2-0425-1B-Instruct,mix,rtn,u3,0.553276,0.242305,0.234696
OLMo-2-0425-1B-Instruct,mix,gauss,g3,0.597608,0.250201,0.239598
OLMo-2-0425-1B-Instruct,mix,wanda,wanda24,0.895071,0.325473,0.330762
OLMo-2-0425-1B-Instruct,mix,sparsegpt,sgpt24,1.15226,0.364159,0.368138
OLMo-2-0425-1B-Instruct,mmlu_en,rtn,u8,0.000800198,0.0129798,0.0107994
OLMo-2-0425-1B-Instruct,mmlu_en,rtn,u6,0.00671941,0.0363392,0.0308743
OLMo-2-0425-1B-Instruct,mmlu_en,kv,kv4,0.015132,0.0558196,0.0458065
OLMo-2-0425-1B-Instruct,mmlu_en,rtn,u5,0.0269161,0.074213,0.062195
OLMo-2-0425-1B-Instruct,mmlu_en,magnitude,mag20,0.0813392,0.121593,0.10414
OLMo-2-0425-1B-Instruct,mmlu_en,awq,awq4,0.0830617,0.127624,0.107928
OLMo-2-0425-1B-Instruct,mmlu_en,gptq,gptq4,0.0943369,0.133699,0.114481
OLMo-2-0425-1B-Instruct,mmlu_en,kv,kv3,0.0999066,0.133187,0.116034
OLMo-2-0425-1B-Instruct,mmlu_en,rtn,u4,0.116005,0.150664,0.129926
OLMo-2-0425-1B-Instruct,mmlu_en,gauss,g4,0.122421,0.149961,0.128555
OLMo-2-0425-1B-Instruct,mmlu_en,wanda,wanda50,0.393452,0.259021,0.233353
OLMo-2-0425-1B-Instruct,mmlu_en,sparsegpt,sgpt50,0.44809,0.270317,0.243119
OLMo-2-0425-1B-Instruct,wikitext,rtn,u8,0.000896695,0.0167196,0.0128677
OLMo-2-0425-1B-Instruct,wikitext,rtn,u6,0.00734597,0.048389,0.0363542
OLMo-2-0425-1B-Instruct,wikitext,kv,kv4,0.0155883,0.07169,0.0525399
OLMo-2-0425-1B-Instruct,wikitext,rtn,u5,0.0287807,0.0935476,0.0717379
OLMo-2-0425-1B-Instruct,wikitext,awq,awq4,0.0837956,0.157746,0.122496
OLMo-2-0425-1B-Instruct,wikitext,gptq,gptq4,0.0857201,0.15857,0.123918
OLMo-2-0425-1B-Instruct,wikitext,magnitude,mag20,0.0947672,0.161062,0.126574
OLMo-2-0425-1B-Instruct,wikitext,kv,kv3,0.113839,0.176407,0.139808
OLMo-2-0425-1B-Instruct,wikitext,rtn,u4,0.119145,0.185549,0.148093
OLMo-2-0425-1B-Instruct,wikitext,gauss,g4,0.12935,0.190446,0.150528
OLMo-2-0425-1B-Instruct,wikitext,sparsegpt,sgpt50,0.396923,0.316041,0.264346
OLMo-2-0425-1B-Instruct,wikitext,wanda,wanda50,0.434559,0.327691,0.273057
OLMo-2-0425-1B-Instruct,wikitext_nat,rtn,u8,0.000933117,0.0177612,0.0132357
OLMo-2-0425-1B-Instruct,wikitext_nat,rtn,u6,0.00799253,0.052653,0.0376773
OLMo-2-0425-1B-Instruct,wikitext_nat,kv,kv4,0.0187981,0.0745646,0.056563
OLMo-2-0425-1B-Instruct,wikitext_nat,rtn,u5,0.0306584,0.0979818,0.0736267
OLMo-2-0425-1B-Instruct,wikitext_nat,gptq,gptq4,0.0839673,0.152445,0.118422
OLMo-2-0425-1B-Instruct,wikitext_nat,awq,awq4,0.1013,0.167867,0.132819
OLMo-2-0425-1B-Instruct,wikitext_nat,magnitude,mag20,0.108031,0.172221,0.135657
OLMo-2-0425-1B-Instruct,wikitext_nat,kv,kv3,0.116856,0.178446,0.138576
OLMo-2-0425-1B-Instruct,wikitext_nat,rtn,u4,0.133942,0.19574,0.154782
OLMo-2-0425-1B-Instruct,wikitext_nat,gauss,g4,0.138633,0.197449,0.154445
OLMo-2-0425-1B-Instruct,wikitext_nat,sparsegpt,sgpt50,0.412799,0.316711,0.262468
OLMo-2-0425-1B-Instruct,wikitext_nat,wanda,wanda50,0.508667,0.355652,0.300128
OLMo-2-1124-13B-Instruct,mix,rtn,u8,0.000397366,0.00612455,0.00536141
OLMo-2-1124-13B-Instruct,mix,rtn,u6,0.00270673,0.0157743,0.0138943
OLMo-2-1124-13B-Instruct,mix,kv,kv4,0.00648934,0.0238186,0.0211125
OLMo-2-1124-13B-Instruct,mix,rtn,u5,0.0106936,0.0319394,0.0276004
OLMo-2-1124-13B-Instruct,mix,kv,kv3,0.0324025,0.0521648,0.0472715
OLMo-2-1124-13B-Instruct,mix,magnitude,mag20,0.0366526,0.0559789,0.0507691
OLMo-2-1124-13B-Instruct,mix,awq,awq4,0.036992,0.0566414,0.0507266
OLMo-2-1124-13B-Instruct,mix,rtn,u4,0.0443015,0.0627915,0.0565019
OLMo-2-1124-13B-Instruct,mix,gauss,g4,0.0448631,0.0625366,0.0562944
OLMo-2-1124-13B-Instruct,mix,gauss,s1g4,0.0454358,0.0616532,0.0564292
OLMo-2-1124-13B-Instruct,mix,gptq,gptq4,0.0494386,0.0662997,0.0592947
OLMo-2-1124-13B-Instruct,mix,skip,skip36,0.0813432,0.0753718,0.069909
OLMo-2-1124-13B-Instruct,mix,skip,skip20,0.0935798,0.0901693,0.0818145
OLMo-2-1124-13B-Instruct,mix,awq,awq3,0.175611,0.119136,0.111814
OLMo-2-1124-13B-Instruct,mix,kv,kv2,0.210409,0.126968,0.119885
OLMo-2-1124-13B-Instruct,mix,magnitude,mag40,0.220994,0.133874,0.125373
OLMo-2-1124-13B-Instruct,mix,rtn,u3,0.228503,0.136898,0.129344
OLMo-2-1124-13B-Instruct,mix,gauss,g3,0.233781,0.138155,0.129171
OLMo-2-1124-13B-Instruct,mix,gptq,gptq3,0.240377,0.140567,0.132125
OLMo-2-1124-13B-Instruct,mix,wanda,wanda50,0.253315,0.144517,0.135534
OLMo-2-1124-13B-Instruct,mix,sparsegpt,sgpt50,0.326108,0.161965,0.153551
OLMo-2-1124-13B-Instruct,mix,wanda,wanda24,0.611406,0.220764,0.215397
OLMo-2-1124-13B-Instruct,mix,sparsegpt,sgpt24,0.759117,0.249764,0.246972
OLMo-2-1124-7B,wikitext_nat,rtn,u8,0.0003938,0.0106812,0.00772052
OLMo-2-1124-7B,wikitext_nat,rtn,u6,0.00318298,0.0290324,0.0215643
OLMo-2-1124-7B,wikitext_nat,kv,kv4,0.00876392,0.0446981,0.0346448
OLMo-2-1124-7B,wikitext_nat,rtn,u5,0.0124989,0.0559489,0.0430795
OLMo-2-1124-7B,wikitext_nat,awq,awq4,0.0434663,0.100952,0.0795783
OLMo-2-1124-7B,wikitext_nat,gptq,gptq4,0.0476021,0.0960083,0.0780575
OLMo-2-1124-7B,wikitext_nat,kv,kv3,0.0505171,0.0983276,0.0800325
OLMo-2-1124-7B,wikitext_nat,rtn,u4,0.0569853,0.110311,0.0917094
OLMo-2-1124-7B,wikitext_nat,gauss,g4,0.0621725,0.115682,0.0923916
OLMo-2-1124-7B,wikitext_nat,magnitude,mag20,0.166988,0.147563,0.133584
OLMo-2-1124-7B,wikitext_nat,wanda,wanda50,0.271575,0.240092,0.207375
OLMo-2-1124-7B,wikitext_nat,sparsegpt,sgpt50,0.309904,0.237345,0.201151
OLMo-2-1124-7B-Instruct,mix,rtn,u8,0.000394963,0.00613634,0.00520195
OLMo-2-1124-7B-Instruct,mix,rtn,u6,0.00300267,0.0165726,0.0140983
OLMo-2-1124-7B-Instruct,mix,kv,kv4,0.00770424,0.0256539,0.0223874
OLMo-2-1124-7B-Instruct,mix,rtn,u5,0.01149,0.0300882,0.0273939
OLMo-2-1124-7B-Instruct,mix,kv,kv3,0.0379154,0.0553727,0.0497104
OLMo-2-1124-7B-Instruct,mix,awq,awq4,0.0385651,0.0552719,0.0501966
OLMo-2-1124-7B-Instruct,mix,rtn,u4,0.0458559,0.0600421,0.0548053
OLMo-2-1124-7B-Instruct,mix,gauss,s1g4,0.0472484,0.0603556,0.0558242
OLMo-2-1124-7B-Instruct,mix,gauss,g4,0.0477261,0.0616546,0.0553514
OLMo-2-1124-7B-Instruct,mix,gptq,gptq4,0.0501669,0.0636142,0.0575318
OLMo-2-1124-7B-Instruct,mix,magnitude,mag20,0.0600003,0.0648123,0.060422
OLMo-2-1124-7B-Instruct,mix,skip,skip28,0.0862273,0.0743416,0.069764
OLMo-2-1124-7B-Instruct,mix,skip,skip16,0.151442,0.1063,0.0997286
OLMo-2-1124-7B-Instruct,mix,awq,awq3,0.182753,0.115706,0.111194
OLMo-2-1124-7B-Instruct,mix,rtn,u3,0.237947,0.131237,0.12621
OLMo-2-1124-7B-Instruct,mix,gauss,g3,0.247094,0.13173,0.127595
OLMo-2-1124-7B-Instruct,mix,wanda,wanda50,0.253508,0.138527,0.132282
OLMo-2-1124-7B-Instruct,mix,gptq,gptq3,0.291138,0.140923,0.137174
OLMo-2-1124-7B-Instruct,mix,magnitude,mag40,0.292901,0.143163,0.13805
OLMo-2-1124-7B-Instruct,mix,sparsegpt,sgpt50,0.344393,0.153129,0.147359
OLMo-2-1124-7B-Instruct,mix,kv,kv2,0.36863,0.154047,0.152845
OLMo-2-1124-7B-Instruct,mix,wanda,wanda24,0.580206,0.211245,0.210845
OLMo-2-1124-7B-Instruct,mix,sparsegpt,sgpt24,0.731142,0.232285,0.233178
OLMo-2-1124-7B-Instruct,wikitext,rtn,u8,0.000638415,0.0126714,0.0101217
OLMo-2-1124-7B-Instruct,wikitext,rtn,u6,0.00479964,0.0342342,0.0273441
OLMo-2-1124-7B-Instruct,wikitext,kv,kv4,0.0122933,0.0546808,0.0432778
OLMo-2-1124-7B-Instruct,wikitext,rtn,u5,0.0184415,0.0674305,0.0533013
OLMo-2-1124-7B-Instruct,wikitext,kv,kv3,0.0605052,0.116941,0.0958993
OLMo-2-1124-7B-Instruct,wikitext,gptq,gptq4,0.0619103,0.116745,0.0972204
OLMo-2-1124-7B-Instruct,wikitext,awq,awq4,0.0621919,0.116784,0.0978522
OLMo-2-1124-7B-Instruct,wikitext,rtn,u4,0.0775553,0.131688,0.110631
OLMo-2-1124-7B-Instruct,wikitext,gauss,g4,0.081538,0.133529,0.111262
OLMo-2-1124-7B-Instruct,wikitext,magnitude,mag20,0.120067,0.142636,0.128849
OLMo-2-1124-7B-Instruct,wikitext,wanda,wanda50,0.361156,0.264101,0.233259
OLMo-2-1124-7B-Instruct,wikitext,sparsegpt,sgpt50,0.399084,0.269271,0.239034
OLMo-2-1124-7B-Instruct,wikitext_nat,rtn,u8,0.000882019,0.0149536,0.0115459
OLMo-2-1124-7B-Instruct,wikitext_nat,rtn,u6,0.0069585,0.0408325,0.0319743
OLMo-2-1124-7B-Instruct,wikitext_nat,kv,kv4,0.0191488,0.0647583,0.0511675
OLMo-2-1124-7B-Instruct,wikitext_nat,rtn,u5,0.0288626,0.0795288,0.0640978
OLMo-2-1124-7B-Instruct,wikitext_nat,awq,awq4,0.0906345,0.138977,0.11555
OLMo-2-1124-7B-Instruct,wikitext_nat,kv,kv3,0.0987929,0.133931,0.114175
OLMo-2-1124-7B-Instruct,wikitext_nat,gptq,gptq4,0.104025,0.133809,0.114143
OLMo-2-1124-7B-Instruct,wikitext_nat,rtn,u4,0.12327,0.158081,0.132089
OLMo-2-1124-7B-Instruct,wikitext_nat,gauss,g4,0.1264,0.156352,0.132618
OLMo-2-1124-7B-Instruct,wikitext_nat,magnitude,mag20,0.204298,0.169149,0.150747
OLMo-2-1124-7B-Instruct,wikitext_nat,wanda,wanda50,0.473337,0.295227,0.263595
OLMo-2-1124-7B-Instruct,wikitext_nat,sparsegpt,sgpt50,0.546584,0.299764,0.267555
Phi-3.5-mini-instruct,gsm8k,rtn,u8,0.00133529,0.00538941,0.00628054
Phi-3.5-mini-instruct,gsm8k,rtn,u6,0.00338461,0.0110526,0.0113814
Phi-3.5-mini-instruct,gsm8k,kv,kv4,0.00502331,0.0145942,0.0139216
Phi-3.5-mini-instruct,gsm8k,rtn,u5,0.00790682,0.0176054,0.0180191
Phi-3.5-mini-instruct,gsm8k,kv,kv3,0.0177418,0.0251848,0.0270062
Phi-3.5-mini-instruct,gsm8k,awq,awq4,0.0215563,0.0292739,0.0296699
Phi-3.5-mini-instruct,gsm8k,gptq,gptq4,0.0249179,0.0294279,0.030155
Phi-3.5-mini-instruct,gsm8k,rtn,u4,0.035196,0.0371955,0.0390212
Phi-3.5-mini-instruct,gsm8k,gauss,g4,0.0355605,0.037435,0.0381765
Phi-3.5-mini-instruct,gsm8k,magnitude,mag20,0.0472872,0.0420716,0.0424591
Phi-3.5-mini-instruct,gsm8k,wanda,wanda50,0.15954,0.0878901,0.0931553
Phi-3.5-mini-instruct,gsm8k,sparsegpt,sgpt50,0.232711,0.106522,0.116855
Phi-3.5-mini-instruct,mix,rtn,u8,0.00174017,0.00900248,0.00891773
Phi-3.5-mini-instruct,mix,rtn,u6,0.00759811,0.0208245,0.0193423
Phi-3.5-mini-instruct,mix,kv,kv4,0.0118719,0.025074,0.0234484
Phi-3.5-mini-instruct,mix,rtn,u5,0.0263583,0.0376815,0.0349842
Phi-3.5-mini-instruct,mix,kv,kv3,0.0492685,0.0508227,0.0478328
Phi-3.5-mini-instruct,mix,gptq,gptq4,0.0606514,0.0576501,0.0553039
Phi-3.5-mini-instruct,mix,awq,awq4,0.100108,0.0603589,0.0581383
Phi-3.5-mini-instruct,mix,skip,skip28,0.10715,0.0781524,0.0829933
Phi-3.5-mini-instruct,mix,magnitude,mag20,0.113287,0.0747185,0.0717558
Phi-3.5-mini-instruct,mix,skip,skip16,0.124225,0.0780517,0.0761871
Phi-3.5-mini-instruct,mix,rtn,u4,0.136796,0.0792903,0.0778696
Phi-3.5-mini-instruct,mix,gauss,g4,0.169102,0.0817574,0.0792235
Phi-3.5-mini-instruct,mix,gauss,s1g4,0.185369,0.0887962,0.0863543
Phi-3.5-mini-instruct,mix,gptq,gptq3,0.321219,0.136568,0.142156
Phi-3.5-mini-instruct,mix,awq,awq3,0.339898,0.135178,0.141084
Phi-3.5-mini-instruct,mix,wanda,wanda50,0.387295,0.151219,0.156611
Phi-3.5-mini-instruct,mix,kv,kv2,0.403201,0.141925,0.144878
Phi-3.5-mini-instruct,mix,sparsegpt,sgpt50,0.49214,0.178851,0.195155
Phi-3.5-mini-instruct,mix,magnitude,mag40,0.647045,0.179194,0.182719
Phi-3.5-mini-instruct,mix,wanda,wanda24,0.994209,0.26947,0.302889
Phi-3.5-mini-instruct,mix,sparsegpt,sgpt24,1.2304,0.312529,0.352794
Phi-3.5-mini-instruct,mix,rtn,u3,1.53487,0.357159,0.425215
Phi-3.5-mini-instruct,mix,gauss,g3,1.85783,0.380944,0.442321
Phi-3.5-mini-instruct,mmlu_en,rtn,u8,0.00311129,0.0151995,0.01507
Phi-3.5-mini-instruct,mmlu_en,rtn,u6,0.0107179,0.0331366,0.0316782
Phi-3.5-mini-instruct,mmlu_en,kv,kv4,0.0150113,0.0378133,0.0360622
Phi-3.5-mini-instruct,mmlu_en,rtn,u5,0.0318134,0.0544957,0.0524056
Phi-3.5-mini-instruct,mmlu_en,kv,kv3,0.0638198,0.0768529,0.0725902
Phi-3.5-mini-instruct,mmlu_en,gptq,gptq4,0.0704022,0.0838965,0.0785775
Phi-3.5-mini-instruct,mmlu_en,awq,awq4,0.0944098,0.0882596,0.0842474
Phi-3.5-mini-instruct,mmlu_en,gauss,g4,0.137722,0.112071,0.105491
Phi-3.5-mini-instruct,mmlu_en,rtn,u4,0.145548,0.115065,0.114024
Phi-3.5-mini-instruct,mmlu_en,magnitude,mag20,0.151089,0.110417,0.105682
Phi-3.5-mini-instruct,mmlu_en,wanda,wanda50,0.41386,0.19996,0.199386
Phi-3.5-mini-instruct,mmlu_en,sparsegpt,sgpt50,0.512739,0.232355,0.239481
Phi-3.5-mini-instruct,wikitext,rtn,u8,0.00339301,0.0228615,0.0199253
Phi-3.5-mini-instruct,wikitext,rtn,u6,0.0124314,0.0502647,0.043243
Phi-3.5-mini-instruct,wikitext,kv,kv4,0.0145113,0.0544687,0.0446503
Phi-3.5-mini-instruct,wikitext,rtn,u5,0.0394463,0.089697,0.0731074
Phi-3.5-mini-instruct,wikitext,kv,kv3,0.0566247,0.104918,0.0873143
Phi-3.5-mini-instruct,wikitext,gptq,gptq4,0.0684315,0.117898,0.0981728
Phi-3.5-mini-instruct,wikitext,awq,awq4,0.0733486,0.120015,0.0992742
Phi-3.5-mini-instruct,wikitext,magnitude,mag20,0.149521,0.16267,0.137573
Phi-3.5-mini-instruct,wikitext,gauss,g4,0.161573,0.173364,0.145849
Phi-3.5-mini-instruct,wikitext,rtn,u4,0.164724,0.171646,0.150753
Phi-3.5-mini-instruct,wikitext,sparsegpt,sgpt50,0.466875,0.295175,0.270194
Phi-3.5-mini-instruct,wikitext,wanda,wanda50,0.47362,0.274553,0.244509
Qwen2.5-72B-Instruct,wikitext_nat,rtn,u8,0.00163465,0.0178833,0.0151542
Qwen2.5-72B-Instruct,wikitext_nat,rtn,u6,0.0091674,0.0403849,0.0336659
Qwen2.5-72B-Instruct,wikitext_nat,kv,kv4,0.0128447,0.0477905,0.0400211
Qwen2.5-72B-Instruct,wikitext_nat,rtn,u5,0.0321677,0.0747884,0.0625991
Qwen2.5-72B-Instruct,wikitext_nat,kv,kv3,0.0517976,0.0945841,0.0796173
Qwen2.5-72B-Instruct,wikitext_nat,rtn,u4,0.116698,0.142558,0.121188
Qwen2.5-72B-Instruct,wikitext_nat,magnitude,mag20,0.139042,0.162781,0.137719
Qwen2.5-7B-Instruct,mix,oficial,ofc@Qwen/Qwen2.5-7B-Instruct-GPTQ-Int8,0.000596043,0.00666169,0.00607429
Qwen2.5-7B-Instruct,mix,rtn,u8,0.000606689,0.00663472,0.00616368
Qwen2.5-7B-Instruct,mix,gptq,gptq8,0.000625407,0.00675159,0.00628432
Qwen2.5-7B-Instruct,mix,oficial,ofc@Qwen/Qwen2.5-7B-Instruct-GPTQ-Int4,0.0283392,0.0461464,0.0421112
Qwen2.5-7B-Instruct,mix,awq,awq4,0.0320784,0.0503088,0.0464548
Qwen2.5-7B-Instruct,mix,rtn,u4,0.0379973,0.054732,0.0502452
Qwen2.5-7B-Instruct,mix,gauss,g4,0.0407268,0.0562783,0.0523172
Qwen2.5-7B-Instruct,mix,oficial,ofc@Qwen/Qwen2.5-7B-Instruct-AWQ,0.0425037,0.0549657,0.0511669
Qwen2.5-7B-Instruct,mix,gptq,gptq4,0.0431073,0.0582291,0.0564679
Qwen2.5-7B-Instruct,mix,rtn,u3,0.192383,0.120738,0.119797
Qwen3-14B,gsm8k,rtn,u8,0.000567232,0.00411396,0.00396723
Qwen3-14B,gsm8k,rtn,u6,0.00220399,0.00824715,0.00798168
Qwen3-14B,gsm8k,kv,kv4,0.00399467,0.0101696,0.0105419
Qwen3-14B,gsm8k,rtn,u5,0.00723451,0.0158022,0.0147861
Qwen3-14B,gsm8k,awq,awq4,0.0148735,0.0221846,0.0219788
Qwen3-14B,gsm8k,kv,kv3,0.0155242,0.0222231,0.0215071
Qwen3-14B,gsm8k,gptq,gptq4,0.0203248,0.0254143,0.0248685
Qwen3-14B,gsm8k,magnitude,mag20,0.029524,0.0322773,0.0312456
Qwen3-14B,gsm8k,rtn,u4,0.0311345,0.0325849,0.0320341
Qwen3-14B,gsm8k,gauss,g4,0.0317163,0.0324503,0.0331387
Qwen3-14B,gsm8k,wanda,wanda50,0.142033,0.0709947,0.069395
Qwen3-14B,gsm8k,sparsegpt,sgpt50,0.173718,0.0783575,0.0775572
Qwen3-14B,mix,rtn,u8,0.000756028,0.00578292,0.00550228
Qwen3-14B,mix,rtn,u6,0.00406782,0.0141843,0.0129767
Qwen3-14B,mix,kv,kv4,0.00651818,0.0163348,0.0160458
Qwen3-14B,mix,rtn,u5,0.0153334,0.0275664,0.0254002
Qwen3-14B,mix,kv,kv3,0.0273575,0.034575,0.033195
Qwen3-14B,mix,awq,awq4,0.0304024,0.0378843,0.035753
Qwen3-14B,mix,gptq,gptq4,0.0381455,0.0433886,0.0427045
Qwen3-14B,mix,magnitude,mag20,0.0415606,0.0454054,0.0442191
Qwen3-14B,mix,gauss,s1g4,0.0608203,0.0544531,0.0528955
Qwen3-14B,mix,rtn,u4,0.0613309,0.0542859,0.0517755
Qwen3-14B,mix,gauss,g4,0.063813,0.0551885,0.0531213
Qwen3-14B,mix,skip,skip20,0.0876835,0.0590438,0.0569112
Qwen3-14B,mix,skip,skip36,0.0996306,0.0596454,0.0578382
Qwen3-14B,mix,awq,awq3,0.130268,0.0822646,0.0834253
Qwen3-14B,mix,kv,kv2,0.166008,0.0914014,0.0936531
Qwen3-14B,mix,gptq,gptq3,0.168529,0.0958026,0.098845
Qwen3-14B,mix,magnitude,mag40,0.197133,0.106098,0.104222
Qwen3-14B,mix,wanda,wanda50,0.243093,0.10933,0.105496
Qwen3-14B,mix,sparsegpt,sgpt50,0.258898,0.113274,0.111708
Qwen3-14B,mix,gauss,g3,0.301927,0.129063,0.130547
Qwen3-14B,mix,rtn,u3,0.314881,0.125497,0.125009
Qwen3-14B,mix,wanda,wanda24,0.494899,0.171504,0.177348
Qwen3-14B,mix,sparsegpt,sgpt24,0.61385,0.191717,0.201527
Qwen3-14B,mmlu_en,rtn,u8,0.00130303,0.00945752,0.00860028
Qwen3-14B,mmlu_en,rtn,u6,0.00746189,0.0230111,0.0211971
Qwen3-14B,mmlu_en,kv,kv4,0.0128434,0.0275733,0.0270285
Qwen3-14B,mmlu_en,rtn,u5,0.0284477,0.0456226,0.0424915
Qwen3-14B,mmlu_en,kv,kv3,0.0546549,0.060708,0.0567852
Qwen3-14B,mmlu_en,awq,awq4,0.0552391,0.0608412,0.057541
Qwen3-14B,mmlu_en,magnitude,mag20,0.0700392,0.0728629,0.0662724
Qwen3-14B,mmlu_en,gptq,gptq4,0.0755593,0.071431,0.0670269
Qwen3-14B,mmlu_en,rtn,u4,0.114382,0.0906124,0.0882219
Qwen3-14B,mmlu_en,gauss,g4,0.119706,0.0909454,0.0896221
Qwen3-14B,mmlu_en,sparsegpt,sgpt50,0.339739,0.154184,0.152276
Qwen3-14B,mmlu_en,wanda,wanda50,0.377236,0.154717,0.150946
Qwen3-14B,wikitext,rtn,u8,0.00179271,0.0123653,0.0123326
Qwen3-14B,wikitext,rtn,u6,0.0125827,0.0354544,0.0331107
Qwen3-14B,wikitext,kv,kv4,0.0178737,0.0414182,0.0379945
Qwen3-14B,wikitext,rtn,u5,0.0524334,0.0706899,0.0667216
Qwen3-14B,wikitext,kv,kv3,0.0785077,0.0861739,0.0807403
Qwen3-14B,wikitext,gptq,gptq4,0.0822142,0.0857635,0.0819022
Qwen3-14B,wikitext,awq,awq4,0.0873392,0.0896482,0.0865604
Qwen3-14B,wikitext,magnitude,mag20,0.0976988,0.0991136,0.0907636
Qwen3-14B,wikitext,rtn,u4,0.238582,0.14655,0.13625
Qwen3-14B,wikitext,gauss,g4,0.241474,0.150161,0.141132
Qwen3-14B,wikitext,sparsegpt,sgpt50,0.420025,0.203152,0.194446
Qwen3-14B,wikitext,wanda,wanda50,0.537636,0.221836,0.212141
Qwen3-4B,gsm8k,rtn,u8,0.000733537,0.00432337,0.00450181
Qwen3-4B,gsm8k,rtn,u6,0.00494094,0.0120562,0.0120376
Qwen3-4B,gsm8k,kv,kv4,0.00685651,0.0133743,0.0139598
Qwen3-4B,gsm8k,rtn,u5,0.0179159,0.0228822,0.0232952
Qwen3-4B,gsm8k,magnitude,mag20,0.0277982,0.0303866,0.0309555
Qwen3-4B,gsm8k,kv,kv3,0.0332205,0.0306854,0.0314646
Qwen3-4B,gsm8k,awq,awq4,0.0341813,0.0323199,0.0321261
Qwen3-4B,gsm8k,gptq,gptq4,0.0355107,0.0346397,0.0342732
Qwen3-4B,gsm8k,gauss,g4,0.0600098,0.0454657,0.0458386
Qwen3-4B,gsm8k,rtn,u4,0.0731696,0.0504218,0.0501232
Qwen3-4B,gsm8k,wanda,wanda50,0.299123,0.106714,0.106548
Qwen3-4B,gsm8k,sparsegpt,sgpt50,0.318433,0.117206,0.11884
Qwen3-4B,mix,rtn,u8,0.00125561,0.00683315,0.00674331
Qwen3-4B,mix,camada,lq3_0,0.00645469,0.0139352,0.013537
Qwen3-4B,mix,camada,lq3_29,0.00767179,0.0169633,0.0169015
Qwen3-4B,mix,camada,lq3_30,0.00939687,0.0198321,0.0191795
Qwen3-4B,mix,rtn,u6,0.00949197,0.0197325,0.0187226
Qwen3-4B,mix,camada,lq3_31,0.0102514,0.0194336,0.019093
Qwen3-4B,mix,camada,lq3_27,0.0104028,0.0204098,0.0201681
Qwen3-4B,mix,camada,lq3_26,0.0104718,0.0209178,0.020127
Qwen3-4B,mix,camada,lq3_32,0.010578,0.0205293,0.0201903
Qwen3-4B,mix,camada,lq3_33,0.010882,0.0200612,0.0196497
Qwen3-4B,mix,camada,lq3_1,0.0112258,0.0181288,0.0179309
Qwen3-4B,mix,camada,lq3_34,0.0113795,0.0216848,0.0216517
Qwen3-4B,mix,camada,lq3_28,0.0122035,0.0216449,0.0208086
Qwen3-4B,mix,camada,lq3_25,0.0126245,0.0231291,0.0218597
Qwen3-4B,mix,camada,lq3_4,0.0142922,0.0213461,0.0208627
Qwen3-4B,mix,camada,lq3_8,0.0145355,0.0216649,0.0210408
Qwen3-4B,mix,camada,lq3_2,0.0163188,0.0225613,0.0215616
Qwen3-4B,mix,kv,kv4,0.016402,0.023926,0.023181
Qwen3-4B,mix,camada,lq3_3,0.016627,0.0217147,0.0210378
Qwen3-4B,mix,camada,lq3_9,0.016653,0.0234578,0.0230087
Qwen3-4B,mix,camada,lq3_7,0.0178204,0.0245435,0.0233715
Qwen3-4B,mix,camada,lq3_11,0.0189874,0.0254699,0.024708
Qwen3-4B,mix,camada,lq3_10,0.0190416,0.0248623,0.0243187
Qwen3-4B,mix,camada,lq3_24,0.0191522,0.0272529,0.0269786
Qwen3-4B,mix,camada,lq3_12,0.0215442,0.0268744,0.0260741
Qwen3-4B,mix,camada,lq3_13,0.0217235,0.0274621,0.0268311
Qwen3-4B,mix,camada,lq3_5,0.0217645,0.0258185,0.0252591
Qwen3-4B,mix,camada,lq3_35,0.0221087,0.0330501,0.0311149
Qwen3-4B,mix,camada,lq3_14,0.0225028,0.0277609,0.0275104
Qwen3-4B,mix,camada,lq3_23,0.0235499,0.030291,0.0291783
Qwen3-4B,mix,camada,lq3_17,0.0241205,0.0293945,0.0285764
Qwen3-4B,mix,camada,lq3_16,0.0254868,0.0290458,0.0293473
Qwen3-4B,mix,camada,lq3_20,0.0261709,0.0307492,0.0301453
Qwen3-4B,mix,camada,lq3_22,0.0265985,0.0318249,0.0313381
Qwen3-4B,mix,camada,lq3_15,0.0285075,0.030779,0.0300261
Qwen3-4B,mix,camada,lq3_18,0.0315934,0.0321437,0.0317283
Qwen3-4B,mix,camada,lq3_21,0.0319092,0.0350024,0.0336206
Qwen3-4B,mix,camada,lq3_19,0.0339704,0.0340163,0.0330488
Qwen3-4B,mix,rtn,u5,0.0375566,0.0392159,0.0380382
Qwen3-4B,mix,kv,kv3,0.0712885,0.050123,0.0488346
Qwen3-4B,mix,magnitude,mag20,0.0762697,0.054715,0.0538762
Qwen3-4B,mix,awq,awq4,0.0790604,0.0558007,0.0544846
Qwen3-4B,mix,gptq,gptq4,0.0853866,0.0594065,0.0578817
Qwen3-4B,mix,gauss,s1g4,0.133213,0.0745072,0.072942
Qwen3-4B,mix,skip,skip18,0.138788,0.0740689,0.0733568
Qwen3-4B,mix,gauss,g4,0.139325,0.0755033,0.0741206
Qwen3-4B,mix,rtn,u4,0.140581,0.0771169,0.0759479
Qwen3-4B,mix,camada,lq3_6,0.154228,0.0766488,0.0749889
Qwen3-4B,mix,skip,skip32,0.164031,0.0780134,0.0782673
Qwen3-4B,mix,awq,awq3,0.335983,0.124919,0.126697
Qwen3-4B,mix,kv,kv2,0.39796,0.130696,0.131611
Qwen3-4B,mix,gptq,gptq3,0.403176,0.135816,0.136788
Qwen3-4B,mix,wanda,wanda50,0.45586,0.150837,0.151556
Qwen3-4B,mix,sparsegpt,sgpt50,0.475664,0.156644,0.159326
Qwen3-4B,mix,magnitude,mag40,0.520843,0.167093,0.172458
Qwen3-4B,mix,rtn,u3,0.670057,0.186258,0.191932
Qwen3-4B,mix,gauss,g3,0.689559,0.197972,0.206776
Qwen3-4B,mix,wanda,wanda24,1.21165,0.269501,0.281567
Qwen3-4B,mix,sparsegpt,sgpt24,1.66887,0.294532,0.29968
Qwen3-4B,mmlu_en,rtn,u8,0.00249014,0.0105552,0.00992579
Qwen3-4B,mmlu_en,rtn,u6,0.0183897,0.0285069,0.0273116
Qwen3-4B,mmlu_en,kv,kv4,0.0351973,0.0376239,0.0365446
Qwen3-4B,mmlu_en,rtn,u5,0.0703489,0.0587858,0.0564599
Qwen3-4B,mmlu_en,magnitude,mag20,0.149102,0.084519,0.0820955
Qwen3-4B,mmlu_en,kv,kv3,0.15109,0.0782526,0.076348
Qwen3-4B,mmlu_en,awq,awq4,0.164277,0.0842622,0.0832761
Qwen3-4B,mmlu_en,gptq,gptq4,0.165637,0.0823874,0.0816784
Qwen3-4B,mmlu_en,rtn,u4,0.279181,0.115029,0.111411
Qwen3-4B,mmlu_en,gauss,g4,0.305727,0.11223,0.110075
Qwen3-4B,mmlu_en,sparsegpt,sgpt50,0.617078,0.193282,0.195749
Qwen3-4B,mmlu_en,wanda,wanda50,0.634456,0.192871,0.194785
Qwen3-4B,wikitext,rtn,u8,0.00343111,0.0158711,0.0155724
Qwen3-4B,wikitext,rtn,u6,0.0321851,0.0477351,0.0455206
Qwen3-4B,wikitext,kv,kv4,0.0460162,0.0593414,0.0549109
Qwen3-4B,wikitext,rtn,u5,0.107483,0.0897432,0.0862037
Qwen3-4B,wikitext,gptq,gptq4,0.177562,0.118378,0.111586
Qwen3-4B,wikitext,kv,kv3,0.20148,0.125476,0.116281
Qwen3-4B,wikitext,magnitude,mag20,0.225066,0.134584,0.126103
Qwen3-4B,wikitext,awq,awq4,0.235066,0.13696,0.129215
Qwen3-4B,wikitext,gauss,g4,0.398724,0.185944,0.176645
Qwen3-4B,wikitext,rtn,u4,0.461101,0.188016,0.180917
Qwen3-4B,wikitext,sparsegpt,sgpt50,0.775514,0.263472,0.257162
Qwen3-4B,wikitext,wanda,wanda50,0.9733,0.285131,0.277755
Qwen3-4B,wikitext_nat,rtn,u8,0.00252814,0.020284,0.0181766
Qwen3-4B,wikitext_nat,rtn,u6,0.0196599,0.0536702,0.0477034
Qwen3-4B,wikitext_nat,kv,kv4,0.0315371,0.0692952,0.0598918
Qwen3-4B,wikitext_nat,rtn,u5,0.0714565,0.0993652,0.0887636
Qwen3-4B,wikitext_nat,gptq,gptq4,0.101739,0.118774,0.1068
Qwen3-4B,wikitext_nat,kv,kv3,0.115092,0.132507,0.119674
Qwen3-4B,wikitext_nat,magnitude,mag20,0.145133,0.145386,0.131439
Qwen3-4B,wikitext_nat,awq,awq4,0.155536,0.153564,0.137344
Qwen3-4B,wikitext_nat,gauss,g4,0.266703,0.197144,0.180747
Qwen3-4B,wikitext_nat,rtn,u4,0.273788,0.200317,0.185483
Qwen3-4B,wikitext_nat,sparsegpt,sgpt50,0.430679,0.236084,0.219292
Qwen3-4B,wikitext_nat,wanda,wanda50,0.495304,0.269104,0.252785
Qwen3-8B,mix,rtn,u8,0.000895986,0.00685677,0.00628841
Qwen3-8B,mix,oficial,ofc@Qwen/Qwen3-8B-AWQ,0.0369606,0.0442208,0.0410996
Qwen3-8B,mix,awq,awq4,0.0397321,0.0454175,0.0420391
Qwen3-8B,mix,gptq,gptq4,0.0557064,0.0531866,0.0505022
Qwen3-8B,mix,rtn,u4,0.0891532,0.0671356,0.0633837
Qwen3-8B,mix,gauss,g4,0.101186,0.0685187,0.0645676
Qwen3-8B,mix,rtn,u3,0.509909,0.170193,0.169575
gemma-3-12b-it,gsm8k,rtn,u8,0.000398644,0.00325842,0.002981
gemma-3-12b-it,gsm8k,rtn,u6,0.00175392,0.00668393,0.00629087
gemma-3-12b-it,gsm8k,kv,kv4,0.00439985,0.0098588,0.00973344
gemma-3-12b-it,gsm8k,rtn,u5,0.0071794,0.0129292,0.0126741
gemma-3-12b-it,gsm8k,awq,awq4,0.0178832,0.0206158,0.0209811
gemma-3-12b-it,gsm8k,kv,kv3,0.0193527,0.0219525,0.0218675
gemma-3-12b-it,gsm8k,magnitude,mag20,0.0248652,0.024271,0.0239643
gemma-3-12b-it,gsm8k,rtn,u4,0.0290839,0.0252527,0.0254427
gemma-3-12b-it,gsm8k,gauss,g4,0.0319523,0.0272579,0.0261662
gemma-3-12b-it,gsm8k,gptq,gptq4,0.0346122,0.0284276,0.0278796
gemma-3-12b-it,gsm8k,sparsegpt,sgpt50,0.242035,0.0902958,0.101542
gemma-3-12b-it,gsm8k,wanda,wanda50,0.276701,0.0910268,0.0950403
gemma-3-12b-it,mix,rtn,u8,0.000906019,0.00678876,0.00608982
gemma-3-12b-it,mix,rtn,u6,0.0056968,0.0159221,0.0153196
gemma-3-12b-it,mix,kv,kv4,0.0121516,0.0236557,0.0219831
gemma-3-12b-it,mix,rtn,u5,0.0221999,0.0313776,0.0298936
gemma-3-12b-it,mix,skip,skip44,0.0332501,0.0344454,0.0333379
gemma-3-12b-it,mix,kv,kv3,0.0494948,0.0489677,0.0467375
gemma-3-12b-it,mix,awq,awq4,0.0566053,0.0510206,0.0490221
gemma-3-12b-it,mix,magnitude,mag20,0.0699445,0.0563163,0.0540491
gemma-3-12b-it,mix,gptq,gptq4,0.0790139,0.0623352,0.0602914
gemma-3-12b-it,mix,gauss,s1g4,0.0837413,0.0633617,0.061278
gemma-3-12b-it,mix,gauss,g4,0.0848768,0.0633034,0.0598617
gemma-3-12b-it,mix,rtn,u4,0.087472,0.0636417,0.0606412
gemma-3-12b-it,mix,skip,skip22,0.180434,0.0946693,0.094384
gemma-3-12b-it,mix,awq,awq3,0.231539,0.111979,0.110764
gemma-3-12b-it,mix,kv,kv2,0.258793,0.118442,0.125213
gemma-3-12b-it,mix,gptq,gptq3,0.334853,0.139636,0.144472
gemma-3-12b-it,mix,rtn,u3,0.341583,0.140056,0.149138
gemma-3-12b-it,mix,gauss,g3,0.37212,0.141596,0.142246
gemma-3-12b-it,mix,magnitude,mag40,0.443226,0.16349,0.187346
gemma-3-12b-it,mix,sparsegpt,sgpt50,0.488836,0.168704,0.179391
gemma-3-12b-it,mix,wanda,wanda50,0.621518,0.175283,0.177681
gemma-3-12b-it,mix,sparsegpt,sgpt24,1.03955,0.265695,0.288615
gemma-3-12b-it,mix,wanda,wanda24,1.1725,0.248618,0.259373
gemma-3-12b-it,mmlu_en,rtn,u8,0.0020278,0.0106441,0.0107824
gemma-3-12b-it,mmlu_en,rtn,u6,0.0124871,0.0268083,0.0263861
gemma-3-12b-it,mmlu_en,kv,kv4,0.0285651,0.0400515,0.0389405
gemma-3-12b-it,mmlu_en,rtn,u5,0.0482925,0.0543839,0.0515219
gemma-3-12b-it,mmlu_en,kv,kv3,0.113183,0.0824051,0.0801804
gemma-3-12b-it,mmlu_en,awq,awq4,0.121991,0.086935,0.0829313
gemma-3-12b-it,mmlu_en,gptq,gptq4,0.145924,0.0968365,0.0945291
gemma-3-12b-it,mmlu_en,magnitude,mag20,0.158056,0.0977029,0.0949144
gemma-3-12b-it,mmlu_en,rtn,u4,0.187999,0.107654,0.104708
gemma-3-12b-it,mmlu_en,gauss,g4,0.201222,0.108594,0.105009
gemma-3-12b-it,mmlu_en,sparsegpt,sgpt50,0.661216,0.239492,0.26366
gemma-3-12b-it,mmlu_en,wanda,wanda50,0.835354,0.25375,0.269111
gemma-3-12b-it,wikitext,rtn,u8,0.00340199,0.01741,0.0162792
gemma-3-12b-it,wikitext,rtn,u6,0.021587,0.0446216,0.0406192
gemma-3-12b-it,wikitext,kv,kv4,0.0440464,0.0617574,0.0568165
gemma-3-12b-it,wikitext,rtn,u5,0.086239,0.0880552,0.0796024
gemma-3-12b-it,wikitext,kv,kv3,0.173117,0.126348,0.11681
gemma-3-12b-it,wikitext,awq,awq4,0.192128,0.130072,0.121418
gemma-3-12b-it,wikitext,gptq,gptq4,0.193595,0.133065,0.124001
gemma-3-12b-it,wikitext,magnitude,mag20,0.22201,0.135853,0.126878
gemma-3-12b-it,wikitext,rtn,u4,0.288449,0.161853,0.151151
gemma-3-12b-it,wikitext,gauss,g4,0.291954,0.161214,0.150065
gemma-3-12b-it,wikitext,sparsegpt,sgpt50,0.933877,0.32277,0.342139
gemma-3-12b-it,wikitext,wanda,wanda50,1.27533,0.353615,0.35459
gemma-3-1b-it,gsm8k,rtn,u8,0.00226168,0.00613258,0.00632955
gemma-3-1b-it,gsm8k,rtn,u6,0.0219899,0.0213066,0.0206728
gemma-3-1b-it,gsm8k,kv,kv4,0.0259002,0.0231408,0.0232151
gemma-3-1b-it,gsm8k,rtn,u5,0.0747705,0.0390188,0.0389327
gemma-3-1b-it,gsm8k,kv,kv3,0.126804,0.0545448,0.0547834
gemma-3-1b-it,gsm8k,awq,awq4,0.157865,0.0625857,0.0623774
gemma-3-1b-it,gsm8k,magnitude,mag20,0.190632,0.0685886,0.0683498
gemma-3-1b-it,gsm8k,gptq,gptq4,0.198089,0.0718865,0.0736961
gemma-3-1b-it,gsm8k,gauss,g4,0.262519,0.0827621,0.0845716
gemma-3-1b-it,gsm8k,rtn,u4,0.27514,0.0841146,0.0853986
gemma-3-1b-it,gsm8k,wanda,wanda50,0.652292,0.174436,0.190361
gemma-3-1b-it,gsm8k,sparsegpt,sgpt50,0.706683,0.176863,0.192827
gemma-3-1b-it,mix,rtn,u8,0.00278765,0.0103878,0.0103045
gemma-3-1b-it,mix,rtn,u6,0.0286215,0.035871,0.0331307
gemma-3-1b-it,mix,kv,kv4,0.0485387,0.0430098,0.0409298
gemma-3-1b-it,mix,rtn,u5,0.104061,0.066968,0.0633987
gemma-3-1b-it,mix,awq,awq4,0.219862,0.10201,0.0985409
gemma-3-1b-it,mix,magnitude,mag20,0.259102,0.112409,0.107935
gemma-3-1b-it,mix,gptq,gptq4,0.278802,0.11852,0.117122
gemma-3-1b-it,mix,gauss,g4,0.366424,0.137019,0.137486
gemma-3-1b-it,mix,rtn,u4,0.457582,0.141196,0.138426
gemma-3-1b-it,mix,skip,skip13,0.599563,0.185599,0.184549
gemma-3-1b-it,mix,wanda,wanda50,0.880131,0.245759,0.26154
gemma-3-1b-it,mix,sparsegpt,sgpt50,0.913841,0.248411,0.262474
gemma-3-1b-it,mix,magnitude,mag40,1.66312,0.380126,0.409839
gemma-3-1b-it,mix,rtn,u3,2.1451,0.440652,0.485302
gemma-3-1b-it,mmlu_en,rtn,u8,0.00484193,0.0174591,0.0167324
gemma-3-1b-it,mmlu_en,rtn,u6,0.0530922,0.0583872,0.0537153
gemma-3-1b-it,mmlu_en,kv,kv4,0.0853261,0.0718524,0.0667249
gemma-3-1b-it,mmlu_en,rtn,u5,0.180505,0.105249,0.100243
gemma-3-1b-it,mmlu_en,kv,kv3,0.320208,0.144922,0.139194
gemma-3-1b-it,mmlu_en,magnitude,mag20,0.4497,0.178851,0.173674
gemma-3-1b-it,mmlu_en,gptq,gptq4,0.45709,0.188741,0.185491
gemma-3-1b-it,mmlu_en,awq,awq4,0.531493,0.18741,0.184427
gemma-3-1b-it,mmlu_en,gauss,g4,0.662155,0.215938,0.213856
gemma-3-1b-it,mmlu_en,rtn,u4,0.686379,0.212704,0.210384
gemma-3-1b-it,mmlu_en,sparsegpt,sgpt50,1.11732,0.333054,0.350785
gemma-3-1b-it,mmlu_en,wanda,wanda50,1.2145,0.34496,0.362612
gemma-3-1b-it,wikitext,rtn,u8,0.00559823,0.0273946,0.0239538
gemma-3-1b-it,wikitext,rtn,u6,0.0588265,0.0844143,0.0739775
gemma-3-1b-it,wikitext,kv,kv4,0.0961825,0.1028,0.0934503
gemma-3-1b-it,wikitext,rtn,u5,0.189827,0.151526,0.138123
gemma-3-1b-it,wikitext,kv,kv3,0.380441,0.204821,0.190551
gemma-3-1b-it,wikitext,gptq,gptq4,0.394869,0.22312,0.212878
gemma-3-1b-it,wikitext,awq,awq4,0.403591,0.220001,0.207987
gemma-3-1b-it,wikitext,magnitude,mag20,0.52477,0.237499,0.223229
gemma-3-1b-it,wikitext,gauss,g4,0.687083,0.285813,0.273404
gemma-3-1b-it,wikitext,rtn,u4,0.751016,0.288629,0.275429
gemma-3-1b-it,wikitext,sparsegpt,sgpt50,1.0143,0.370791,0.385766
gemma-3-1b-it,wikitext,wanda,wanda50,1.34469,0.421963,0.443751
gemma-3-27b-it,mix,rtn,u8,0.000728522,0.00537108,0.00496926
gemma-3-27b-it,mix,kv,kv4,0.00812321,0.0168327,0.0165287
gemma-3-27b-it,mix,rtn,u5,0.01577,0.0236427,0.0234489
gemma-3-27b-it,mix,awq,awq4,0.0365671,0.0376471,0.035529
gemma-3-27b-it,mix,gptq,gptq4,0.0503835,0.0440106,0.0432759
gemma-3-27b-it,mix,magnitude,mag20,0.0587923,0.0471613,0.0456003
gemma-3-27b-it,mix,gauss,g4,0.0614909,0.0467023,0.0461347
gemma-3-27b-it,mix,rtn,u4,0.0668401,0.0482901,0.0475836
gemma-3-27b-it,mix,skip,skip30,0.11666,0.0625178,0.0608718
gemma-3-27b-it,mix,rtn,u3,0.291697,0.11577,0.118531
gemma-3-27b-it,mix,wanda,wanda50,0.845157,0.210253,0.222303
gemma-3-27b-it,mix,magnitude,mag40,0.944961,0.224283,0.235218
gemma-3-4b-it,gsm8k,rtn,u8,0.000668845,0.00360558,0.00347121
gemma-3-4b-it,gsm8k,rtn,u6,0.00509168,0.00971939,0.00915039
gemma-3-4b-it,gsm8k,kv,kv4,0.0104277,0.0132662,0.0130856
gemma-3-4b-it,gsm8k,rtn,u5,0.0183549,0.0174008,0.0176851
gemma-3-4b-it,gsm8k,magnitude,mag20,0.0441288,0.0283939,0.029069
gemma-3-4b-it,gsm8k,kv,kv3,0.0442278,0.0271594,0.027519
gemma-3-4b-it,gsm8k,awq,awq4,0.0520413,0.0310785,0.0310191
gemma-3-4b-it,gsm8k,gptq,gptq4,0.057677,0.0351348,0.0340789
gemma-3-4b-it,gsm8k,rtn,u4,0.0682395,0.0364477,0.0370248
gemma-3-4b-it,gsm8k,gauss,g4,0.0729428,0.0379174,0.0382311
gemma-3-4b-it,gsm8k,wanda,wanda50,0.482934,0.095783,0.0973337
gemma-3-4b-it,gsm8k,sparsegpt,sgpt50,0.679831,0.137678,0.141555
gemma-3-4b-it,mix,rtn,u8,0.00161424,0.00768135,0.00773807
gemma-3-4b-it,mix,rtn,u6,0.0135448,0.0240832,0.0221356
gemma-3-4b-it,mix,kv,kv4,0.0255434,0.0322895,0.0306503
gemma-3-4b-it,mix,rtn,u5,0.0520501,0.045831,0.043984
gemma-3-4b-it,mix,skip,skip30,0.0805455,0.0503519,0.0496317
gemma-3-4b-it,mix,kv,kv3,0.108501,0.0658646,0.0643853
gemma-3-4b-it,mix,magnitude,mag20,0.122023,0.0739531,0.0712419
gemma-3-4b-it,mix,awq,awq4,0.125226,0.0751851,0.0725874
gemma-3-4b-it,mix,gptq,gptq4,0.161623,0.0838092,0.0808594
gemma-3-4b-it,mix,rtn,u4,0.175082,0.0867339,0.0845533
gemma-3-4b-it,mix,gauss,s1g4,0.180594,0.0901407,0.0896258
gemma-3-4b-it,mix,gauss,g4,0.181385,0.088748,0.0870033
gemma-3-4b-it,mix,skip,skip17,0.308085,0.117491,0.115991
gemma-3-4b-it,mix,awq,awq3,0.467367,0.156262,0.156986
gemma-3-4b-it,mix,kv,kv2,0.499438,0.172964,0.193228
gemma-3-4b-it,mix,gptq,gptq3,0.566633,0.177646,0.182251
gemma-3-4b-it,mix,magnitude,mag40,0.720008,0.201076,0.20933
gemma-3-4b-it,mix,gauss,g3,0.725756,0.2097,0.220255
gemma-3-4b-it,mix,rtn,u3,0.808079,0.206614,0.213863
gemma-3-4b-it,mix,wanda,wanda50,0.851284,0.184749,0.184358
gemma-3-4b-it,mix,sparsegpt,sgpt50,0.946099,0.223713,0.227244
gemma-3-4b-it,mix,wanda,wanda24,1.35929,0.294366,0.314512
gemma-3-4b-it,mix,sparsegpt,sgpt24,1.43456,0.331819,0.367037
gemma-3-4b-it,mmlu_en,rtn,u8,0.003656,0.0137976,0.0133043
gemma-3-4b-it,mmlu_en,rtn,u6,0.0320026,0.0391226,0.0378142
gemma-3-4b-it,mmlu_en,kv,kv4,0.0573091,0.0523895,0.0511972
gemma-3-4b-it,mmlu_en,rtn,u5,0.115826,0.0765353,0.0735622
gemma-3-4b-it,mmlu_en,kv,kv3,0.236151,0.109142,0.105937
gemma-3-4b-it,mmlu_en,awq,awq4,0.265337,0.122203,0.118147
gemma-3-4b-it,mmlu_en,gptq,gptq4,0.281918,0.130134,0.125597
gemma-3-4b-it,mmlu_en,magnitude,mag20,0.318638,0.133288,0.128757
gemma-3-4b-it,mmlu_en,rtn,u4,0.363291,0.145081,0.139466
gemma-3-4b-it,mmlu_en,gauss,g4,0.364982,0.14458,0.143608
gemma-3-4b-it,mmlu_en,sparsegpt,sgpt50,1.37163,0.299213,0.300162
gemma-3-4b-it,mmlu_en,wanda,wanda50,1.57569,0.27377,0.270787
gemma-3-4b-it,wikitext,rtn,u8,0.00415283,0.0183363,0.0171008
gemma-3-4b-it,wikitext,rtn,u6,0.0338056,0.0540094,0.0481148
gemma-3-4b-it,wikitext,kv,kv4,0.0622595,0.0729757,0.0648403
gemma-3-4b-it,wikitext,rtn,u5,0.112064,0.100219,0.0933728
gemma-3-4b-it,wikitext,kv,kv3,0.242025,0.138934,0.130115
gemma-3-4b-it,wikitext,gptq,gptq4,0.257051,0.14606,0.13899
gemma-3-4b-it,wikitext,awq,awq4,0.277397,0.153686,0.143701
gemma-3-4b-it,wikitext,magnitude,mag20,0.35127,0.165765,0.155899
gemma-3-4b-it,wikitext,rtn,u4,0.410272,0.185166,0.177459
gemma-3-4b-it,wikitext,gauss,g4,0.411383,0.187512,0.178394
gemma-3-4b-it,wikitext,wanda,wanda50,1.22004,0.304982,0.299027
gemma-3-4b-it,wikitext,sparsegpt,sgpt50,1.24385,0.312911,0.309167
gemma-3-4b-it,wikitext_nat,rtn,u8,0.0028492,0.0220133,0.01894
gemma-3-4b-it,wikitext_nat,rtn,u6,0.021027,0.0588582,0.0486049
gemma-3-4b-it,wikitext_nat,kv,kv4,0.0412818,0.0829468,0.0691745
gemma-3-4b-it,wikitext_nat,rtn,u5,0.0750026,0.109965,0.0933315
gemma-3-4b-it,wikitext_nat,gptq,gptq4,0.162519,0.14919,0.129569
gemma-3-4b-it,wikitext_nat,kv,kv3,0.164241,0.161296,0.139942
gemma-3-4b-it,wikitext_nat,magnitude,mag20,0.187155,0.171794,0.156396
gemma-3-4b-it,wikitext_nat,awq,awq4,0.195383,0.166524,0.146628
gemma-3-4b-it,wikitext_nat,rtn,u4,0.268732,0.205831,0.181775
gemma-3-4b-it,wikitext_nat,gauss,g4,0.280259,0.207397,0.185226
gemma-3-4b-it,wikitext_nat,wanda,wanda50,0.891845,0.34906,0.324873
gemma-3-4b-it,wikitext_nat,sparsegpt,sgpt50,1.06628,0.354268,0.331665
phi-4,mix,rtn,u8,0.000339602,0.00421613,0.00401034
phi-4,mix,rtn,u6,0.00103427,0.00830127,0.00782567
phi-4,mix,kv,kv4,0.00216265,0.0120344,0.0111632
phi-4,mix,rtn,u5,0.00329858,0.0154318,0.014085
phi-4,mix,kv,kv3,0.00865675,0.0241097,0.0223745
phi-4,mix,magnitude,mag20,0.0122021,0.0309783,0.0276545
phi-4,mix,gauss,g4,0.0129326,0.0303889,0.0281565
phi-4,mix,rtn,u4,0.0130363,0.030176,0.0282394
phi-4,mix,awq,awq4,0.0133442,0.0306508,0.0280841
phi-4,mix,gauss,s1g4,0.0133518,0.0307982,0.0282632
phi-4,mix,gptq,gptq4,0.0139289,0.0317069,0.0296272
phi-4,mix,skip,skip20,0.0217517,0.039034,0.0363812
phi-4,mix,skip,skip36,0.0361254,0.0433893,0.0394322
phi-4,mix,awq,awq3,0.0596903,0.065133,0.0614303
phi-4,mix,kv,kv2,0.0650764,0.0652886,0.0675498
phi-4,mix,rtn,u3,0.066036,0.0680639,0.064248
phi-4,mix,gauss,g3,0.0680882,0.0697094,0.0680584
phi-4,mix,gptq,gptq3,0.073183,0.073115,0.068328
phi-4,mix,magnitude,mag40,0.0869308,0.0802702,0.0752307
phi-4,mix,wanda,wanda50,0.121331,0.0933934,0.0940235
phi-4,mix,sparsegpt,sgpt50,0.137232,0.100573,0.100677
phi-4,mix,wanda,wanda24,0.287878,0.144585,0.150256
phi-4,mix,sparsegpt,sgpt24,0.429987,0.176267,0.200314
